SEFAZ,2015-01-29,1398,2015NE000063,00000000001759,BANCO DO BRASIL S/A,3666762.87,0.0,3666762.87
SEFAZ,2015-01-29,1454,2015NE000093,00360305000104,CAIXA ECONOMICA FEDERAL,7412580.0,0.0,7412580.0
SEFAZ,2015-01-29,1429,2015NE000132,00000000001759,BANCO DO BRASIL S/A,3228908.01,0.0,3228908.01
SEFAZ,2015-01-29,1397,2015NE000062,00000000001759,BANCO DO BRASIL S/A,4312944.02,0.0,4312944.02
SEFAZ,2015-01-29,1106,2015NE000060,33657248000189,BANCO NACIONAL DE DESENVOLVIMENTO ECONOMICO E SOCIAL,4255555.56,0.0,4255555.56
SEFAZ,2015-01-30,1503,2014NE000045,00000000001759,BANCO DO BRASIL S/A,3635733.92,0.0,3635733.92
SEFAZ,2015-01-30,1504,2014NE000032,00000000001759,BANCO DO BRASIL S/A,4349613.35,0.0,4349613.35
SEFAZ,2015-02-26,1411,2015NE000062,00000000001759,BANCO DO BRASIL S/A,4328917.64,0.0,4328917.64
SEFAZ,2015-02-26,1430,2015NE000132,00000000001759,BANCO DO BRASIL S/A,3296089.52,0.0,3296089.52
SEFAZ,2015-02-26,1182,2015NE000060,33657248000189,BANCO NACIONAL DE DESENVOLVIMENTO ECONOMICO E SOCIAL,4255555.56,0.0,4255555.56
SEFAZ,2015-02-26,1412,2015NE000063,00000000001759,BANCO DO BRASIL S/A,3712148.0,0.0,3712148.0
SEFAZ,2015-08-14,3715,2015NE000060,33657248000189,BANCO NACIONAL DE DESENVOLVIMENTO ECONOMICO E SOCIAL,4258189.84,0.0,4258189.84
SEFAZ,2015-08-31,4062,2015NE000062,00000000001759,BANCO DO BRASIL S/A,4425999.6,0.0,4425999.6
SEFAZ,2015-08-31,4061,2015NE000063,00000000001759,BANCO DO BRASIL S/A,3969163.3,0.0,3969163.3
SEFAZ,2015-09-14,4284,2015NE000060,33657248000189,BANCO NACIONAL DE DESENVOLVIMENTO ECONOMICO E SOCIAL,4259815.25,0.0,4259815.25
SEFAZ,2015-09-18,4364,2015NE000066,00360305000104,CAIXA ECONOMICA FEDERAL,5212108.7,0.0,2606054.35
SEFAZ,2015-09-18,4364,2015NE000066,00360305000104,CAIXA ECONOMICA FEDERAL,-5212108.7,0.0,-2606054.35
SEFAZ,2015-09-23,4403,2015NE000062,00000000001759,BANCO DO BRASIL S/A,4415457.38,0.0,4415457.38
SEFAZ,2015-09-23,4402,2015NE000063,00000000001759,BANCO DO BRASIL S/A,4014726.59,0.0,4014726.59
SEFAZ,2015-09-30,4691,2015NE000096,00000000001759,BANCO DO BRASIL S/A,4030000.0,0.0,4030000.0
SEFAZ,2015-11-13,5381,2015NE000060,33657248000189,BANCO NACIONAL DE DESENVOLVIMENTO ECONOMICO E SOCIAL,4265868.5,0.0,4265868.5
SEFAZ,2015-11-30,5611,2015NE000062,00000000001759,BANCO DO BRASIL S/A,4546633.43,0.0,4546633.43
SEFAZ,2015-11-30,5610,2015NE000063,00000000001759,BANCO DO BRASIL S/A,4230190.82,0.0,4230190.82
SEFAZ,2015-12-01,6156,2015NE000795,PF66666666,DEPOSITOS JUDICIAIS,9422851.79,0.0,9422851.79
SEFAZ,2015-12-30,6155,2015NE000132,00000000001759,BANCO DO BRASIL S/A,2957846.18,0.0,2957846.18
SEFAZ,2015-12-30,6126,2015NE000063,00000000001759,BANCO DO BRASIL S/A,4288872.81,0.0,4288872.81
SEFAZ,2015-12-30,6127,2015NE000062,00000000001759,BANCO DO BRASIL S/A,4549047.75,0.0,4549047.75
SEFAZ,2016-01-29,218,2016NE000133,33657248000189,BANCO NACIONAL DE DESENVOLVIMENTO ECONOMICO E SOCIAL,-2483700.46,0.0,-1241850.23
SEFAZ,2016-01-29,219,2016NE000133,33657248000189,BANCO NACIONAL DE DESENVOLVIMENTO ECONOMICO E SOCIAL,4926878.28,0.0,2463439.14
SEFAZ,2016-01-29,217,2016NE000131,33657248000189,BANCO NACIONAL DE DESENVOLVIMENTO ECONOMICO E SOCIAL,-4521628.56,0.0,-2260814.28
SEFAZ,2016-01-29,219,2016NE000133,33657248000189,BANCO NACIONAL DE DESENVOLVIMENTO ECONOMICO E SOCIAL,-4926878.28,0.0,-2463439.14
SEFAZ,2016-01-29,213,2016NE000042,00000000001759,BANCO DO BRASIL S/A,4297057.49,0.0,4297057.49
SEFAZ,2016-01-29,217,2016NE000131,33657248000189,BANCO NACIONAL DE DESENVOLVIMENTO ECONOMICO E SOCIAL,4521628.56,0.0,2260814.28
SEFAZ,2016-01-29,181,2016NE000136,PF66666666,DEPOSITOS JUDICIAIS,5729497.58,0.0,5729497.58
SEFAZ,2016-01-29,210,2016NE000027,00000000001759,BANCO DO BRASIL S/A,2818373.22,0.0,2818373.22
SEFAZ,2016-01-29,214,2016NE000068,00000000001759,BANCO DO BRASIL S/A,4512213.88,0.0,4512213.88
SEFAZ,2016-01-29,212,2016NE000082,00360305000104,CAIXA ECONOMICA FEDERAL,1.24468875E7,0.0,1.24468875E7
SEFAZ,2016-01-29,69,2015NE000060,33657248000189,BANCO NACIONAL DE DESENVOLVIMENTO ECONOMICO E SOCIAL,4272186.9,0.0,4272186.9
SEFAZ,2016-02-12,205,2016NE000131,33657248000189,BANCO NACIONAL DE DESENVOLVIMENTO ECONOMICO E SOCIAL,4278494.53,0.0,4278494.53
SEFAZ,2016-02-25,526,2016NE000131,33657248000189,BANCO NACIONAL DE DESENVOLVIMENTO ECONOMICO E SOCIAL,4277830.57,0.0,4277830.57
SEFAZ,2016-02-29,536,2016NE000042,00000000001759,BANCO DO BRASIL S/A,4427612.88,0.0,4427612.88
SEFAZ,2016-02-29,532,2016NE000027,00000000001759,BANCO DO BRASIL S/A,3524736.79,0.0,3524736.79
SEFAZ,2016-02-29,535,2016NE000068,00000000001759,BANCO DO BRASIL S/A,4604147.45,0.0,4604147.45
SEFAZ,2016-03-29,1157,2016NE000089,00000000001759,BANCO DO BRASIL S/A,3773120.0,0.0,3773120.0
SEFAZ,2016-03-30,1079,2016NE000042,00000000001759,BANCO DO BRASIL S/A,4458718.1,0.0,4458718.1
SEFAZ,2016-03-30,1080,2016NE000068,00000000001759,BANCO DO BRASIL S/A,4592744.39,0.0,4592744.39
SEFAZ,2016-03-31,935,2016NE000136,PF66666666,DEPOSITOS JUDICIAIS,3313159.52,0.0,3313159.52
SEFAZ,2016-04-08,1074,2016NE000131,33657248000189,BANCO NACIONAL DE DESENVOLVIMENTO ECONOMICO E SOCIAL,4287384.7,0.0,4287384.7
SEFAZ,2016-04-25,1305,2016NE000089,00000000001759,BANCO DO BRASIL S/A,3316195.02,0.0,3316195.02
SEFAZ,2016-06-20,2487,2016NE000131,33657248000189,BANCO NACIONAL DE DESENVOLVIMENTO ECONOMICO E SOCIAL,4299827.49,0.0,4299827.49
SEFAZ,2016-06-30,2894,2016NE000027,00000000001759,BANCO DO BRASIL S/A,2798866.62,0.0,2798866.62
SEFAZ,2016-07-01,2543,2016NE000144,00360305000104,CAIXA ECONOMICA FEDERAL,-2992450.92,0.0,-1496225.46
SEFAZ,2016-07-13,3110,2016NE000082,00360305000104,CAIXA ECONOMICA FEDERAL,1.029416625E7,0.0,1.029416625E7
SEFAZ,2016-08-10,4071,2016NE000131,33657248000189,BANCO NACIONAL DE DESENVOLVIMENTO ECONOMICO E SOCIAL,4308234.78,0.0,4308234.78
SEFAZ,2016-09-13,5103,2016NE000089,00000000001759,BANCO DO BRASIL S/A,3464240.0,0.0,3464240.0
SEFAZ,2016-09-28,5115,2016NE000100,09314825000155,FUNDO FINANCEIRO DE PREVIDENCIA DO ESTADO DE SERGIPE,3327512.66,0.0,3327512.66
SEFAZ,2016-09-29,5106,2016NE000089,00000000001759,BANCO DO BRASIL S/A,3044720.4,0.0,3044720.4
SEFAZ,2016-09-30,5172,2016NE000131,33657248000189,BANCO NACIONAL DE DESENVOLVIMENTO ECONOMICO E SOCIAL,4313279.16,0.0,4313279.16
SEFAZ,2016-12-13,6601,2016NE000131,33657248000189,BANCO NACIONAL DE DESENVOLVIMENTO ECONOMICO E SOCIAL,4328580.43,0.0,4328580.43
SEFAZ,2016-12-22,6819,2016NE000001,00394460009289,DELEGACIA DA REC.FEDERAL DO BRASIL EM ARACAJU,2669504.1,0.0,2669504.1
SEFAZ,2016-12-29,7060,2016NE000027,00000000001759,BANCO DO BRASIL S/A,5171174.08,0.0,5171174.08
SEFAZ,2017-02-01,314,2017NE000038,33657248000189,BANCO NACIONAL DE DESENVOLVIMENTO ECONOMICO E SOCIAL,4337688.33,0.0,4337688.33
SEFAZ,2017-02-01,630,2017NE000057,PF99999999,PESSOAL RELACIONADO EM FOLHA DE PAGAMENTO,8701203.77,0.0,8701203.77
SEFAZ,2017-02-14,404,2017NE000038,33657248000189,BANCO NACIONAL DE DESENVOLVIMENTO ECONOMICO E SOCIAL,4340072.55,0.0,4340072.55
SEFAZ,2017-02-24,922,2017NE000057,PF99999999,PESSOAL RELACIONADO EM FOLHA DE PAGAMENTO,8698141.8,0.0,8698141.8
SEFAZ,2017-02-24,859,2017NE000068,09314825000155,FUNDO FINANCEIRO DE PREVIDENCIA DO ESTADO DE SERGIPE,3277194.08,0.0,3277194.08
SEFAZ,2017-02-24,692,2017NE000046,00000000001759,BANCO DO BRASIL S/A,3863951.83,0.0,3863951.83
SEFAZ,2017-03-13,1056,2017NE000051,00000000001759,BANCO DO BRASIL S/A,3281200.0,0.0,3281200.0
SEFAZ,2017-03-13,1057,2017NE000051,00000000001759,BANCO DO BRASIL S/A,2883846.55,0.0,2883846.55
SEFAZ,2017-03-14,906,2017NE000038,33657248000189,BANCO NACIONAL DE DESENVOLVIMENTO ECONOMICO E SOCIAL,4344840.99,0.0,4344840.99
SEFAZ,2017-03-31,1411,2017NE000057,PF99999999,PESSOAL RELACIONADO EM FOLHA DE PAGAMENTO,8142014.72,0.0,8142014.72
SEFAZ,2017-03-31,1333,2017NE000068,09314825000155,FUNDO FINANCEIRO DE PREVIDENCIA DO ESTADO DE SERGIPE,3236611.68,0.0,3236611.68
SEFAZ,2017-04-28,1969,2017NE000280,PF99999999,PESSOAL RELACIONADO EM FOLHA DE PAGAMENTO,8890341.03,0.0,8890341.03
SEFAZ,2017-04-28,1802,2017NE000068,09314825000155,FUNDO FINANCEIRO DE PREVIDENCIA DO ESTADO DE SERGIPE,3332305.2,0.0,3332305.2
SEFAZ,2017-04-28,1665,2017NE000046,00000000001759,BANCO DO BRASIL S/A,2908224.65,0.0,2908224.65
SEFAZ,2017-05-09,1873,2017NE000038,33657248000189,BANCO NACIONAL DE DESENVOLVIMENTO ECONOMICO E SOCIAL,4352191.99,0.0,4352191.99
SEFAZ,2017-05-12,1953,2017NE000038,33657248000189,BANCO NACIONAL DE DESENVOLVIMENTO ECONOMICO E SOCIAL,4352763.25,0.0,4352763.25
SEFAZ,2017-05-12,1952,2017NE000038,33657248000189,BANCO NACIONAL DE DESENVOLVIMENTO ECONOMICO E SOCIAL,2656386.0,0.0,2656386.0
SEFAZ,2017-05-25,2348,2017NE000280,PF99999999,PESSOAL RELACIONADO EM FOLHA DE PAGAMENTO,8830508.89,0.0,8830508.89
SEFAZ,2017-05-25,2195,2017NE000068,09314825000155,FUNDO FINANCEIRO DE PREVIDENCIA DO ESTADO DE SERGIPE,3269549.28,0.0,3269549.28
SEFAZ,2017-05-26,2199,2017NE000038,33657248000189,BANCO NACIONAL DE DESENVOLVIMENTO ECONOMICO E SOCIAL,2655688.74,0.0,2655688.74
SEFAZ,2017-05-30,2242,2017NE000046,00000000001759,BANCO DO BRASIL S/A,3315237.05,0.0,3315237.05
SEFAZ,2017-06-27,2784,2017NE000280,PF99999999,PESSOAL RELACIONADO EM FOLHA DE PAGAMENTO,8787913.31,0.0,8787913.31
SEFAZ,2017-06-27,2769,2017NE000068,09314825000155,FUNDO FINANCEIRO DE PREVIDENCIA DO ESTADO DE SERGIPE,3275463.82,0.0,3275463.82
SEFAZ,2017-06-30,2703,2017NE000046,00000000001759,BANCO DO BRASIL S/A,3051907.73,0.0,3051907.73
SEFAZ,2017-07-10,2789,2017NE000038,33657248000189,BANCO NACIONAL DE DESENVOLVIMENTO ECONOMICO E SOCIAL,2660290.65,0.0,2660290.65
SEFAZ,2017-07-10,2790,2017NE000038,33657248000189,BANCO NACIONAL DE DESENVOLVIMENTO ECONOMICO E SOCIAL,4359161.42,0.0,4359161.42
SEFAZ,2017-07-10,2774,2017NE000038,33657248000189,BANCO NACIONAL DE DESENVOLVIMENTO ECONOMICO E SOCIAL,2781721.57,0.0,2781721.57
SEFAZ,2017-07-13,2796,2017NE000049,00360305000104,CAIXA ECONOMICA FEDERAL,1.023642E7,0.0,1.023642E7
SEFAZ,2017-07-31,3199,2017NE000068,09314825000155,FUNDO FINANCEIRO DE PREVIDENCIA DO ESTADO DE SERGIPE,3253119.44,0.0,3253119.44
SEFAZ,2017-07-31,3439,2017NE000280,PF99999999,PESSOAL RELACIONADO EM FOLHA DE PAGAMENTO,8839601.21,0.0,8839601.21
SEFAZ,2017-08-10,3559,2017NE000038,33657248000189,BANCO NACIONAL DE DESENVOLVIMENTO ECONOMICO E SOCIAL,2662452.15,0.0,2662452.15
SEFAZ,2017-08-10,3557,2017NE000038,33657248000189,BANCO NACIONAL DE DESENVOLVIMENTO ECONOMICO E SOCIAL,2783981.75,0.0,2783981.75
SEFAZ,2017-08-10,3561,2017NE000038,33657248000189,BANCO NACIONAL DE DESENVOLVIMENTO ECONOMICO E SOCIAL,4362703.26,0.0,4362703.26
SEFAZ,2017-08-31,3855,2017NE000046,00000000001759,BANCO DO BRASIL S/A,2667570.05,0.0,2667570.05
SEFAZ,2017-08-31,4095,2017NE000280,PF99999999,PESSOAL RELACIONADO EM FOLHA DE PAGAMENTO,9072941.19,0.0,9072941.19
SEFAZ,2017-08-31,3890,2017NE000068,09314825000155,FUNDO FINANCEIRO DE PREVIDENCIA DO ESTADO DE SERGIPE,3301521.86,0.0,3301521.86
SEFAZ,2017-09-08,4034,2017NE000038,33657248000189,BANCO NACIONAL DE DESENVOLVIMENTO ECONOMICO E SOCIAL,4366016.59,0.0,4366016.59
SEFAZ,2017-09-08,4031,2017NE000038,33657248000189,BANCO NACIONAL DE DESENVOLVIMENTO ECONOMICO E SOCIAL,2786096.09,0.0,2786096.09
SEFAZ,2017-09-08,4033,2017NE000038,33657248000189,BANCO NACIONAL DE DESENVOLVIMENTO ECONOMICO E SOCIAL,2664474.2,0.0,2664474.2
SEFAZ,2017-09-13,4231,2017NE000051,00000000001759,BANCO DO BRASIL S/A,2864651.38,0.0,2864651.38
SEFAZ,2017-09-29,4394,2017NE000068,09314825000155,FUNDO FINANCEIRO DE PREVIDENCIA DO ESTADO DE SERGIPE,3264178.06,0.0,3264178.06
SEFAZ,2017-09-29,4642,2017NE000280,PF99999999,PESSOAL RELACIONADO EM FOLHA DE PAGAMENTO,8989958.44,0.0,8989958.44
SEFAZ,2017-10-10,4852,2017NE000038,33657248000189,BANCO NACIONAL DE DESENVOLVIMENTO ECONOMICO E SOCIAL,2666705.42,0.0,2666705.42
SEFAZ,2017-10-10,4849,2017NE000038,33657248000189,BANCO NACIONAL DE DESENVOLVIMENTO ECONOMICO E SOCIAL,2788429.16,0.0,2788429.16
SEFAZ,2017-10-10,4853,2017NE000038,33657248000189,BANCO NACIONAL DE DESENVOLVIMENTO ECONOMICO E SOCIAL,4369672.69,0.0,4369672.69
SEFAZ,2017-10-30,5062,2017NE000025,00000000001759,BANCO DO BRASIL S/A,5954773.49,0.0,5954773.49
SEFAZ,2017-10-31,5251,2017NE000280,PF99999999,PESSOAL RELACIONADO EM FOLHA DE PAGAMENTO,9176799.79,0.0,9176799.79
SEFAZ,2017-10-31,5055,2017NE000068,09314825000155,FUNDO FINANCEIRO DE PREVIDENCIA DO ESTADO DE SERGIPE,3255774.67,0.0,3255774.67
SEFAZ,2017-12-07,6040,2017NE000032,00360305000104,CAIXA ECONOMICA FEDERAL,2725420.25,0.0,2725420.25
SEFAZ,2017-12-11,6428,2017NE000038,33657248000189,BANCO NACIONAL DE DESENVOLVIMENTO ECONOMICO E SOCIAL,4376299.36,0.0,4376299.36
SEFAZ,2017-12-11,6426,2017NE000038,33657248000189,BANCO NACIONAL DE DESENVOLVIMENTO ECONOMICO E SOCIAL,2670749.52,0.0,2670749.52
SEFAZ,2017-12-11,6432,2017NE000038,33657248000189,BANCO NACIONAL DE DESENVOLVIMENTO ECONOMICO E SOCIAL,2793678.57,0.0,2793678.57
SEFAZ,2017-12-11,6424,2017NE000038,33657248000189,BANCO NACIONAL DE DESENVOLVIMENTO ECONOMICO E SOCIAL,2792657.87,0.0,2792657.87
SEFAZ,2017-12-15,6422,2017NE000068,09314825000155,FUNDO FINANCEIRO DE PREVIDENCIA DO ESTADO DE SERGIPE,3262589.85,0.0,3262589.85
SEFAZ,2017-12-15,6480,2017NE000280,PF99999999,PESSOAL RELACIONADO EM FOLHA DE PAGAMENTO,5157182.1,0.0,5157182.1
SEFAZ,2017-12-18,6439,2017NE000025,00000000001759,BANCO DO BRASIL S/A,6809374.66,0.0,6809374.66
SEFAZ,2017-12-20,6437,2017NE000038,33657248000189,BANCO NACIONAL DE DESENVOLVIMENTO ECONOMICO E SOCIAL,4377898.9,0.0,4377898.9
SEFAZ,2017-12-20,6423,2017NE000068,09314825000155,FUNDO FINANCEIRO DE PREVIDENCIA DO ESTADO DE SERGIPE,3268400.32,0.0,3268400.32
SEFAZ,2017-12-20,6436,2017NE000038,33657248000189,BANCO NACIONAL DE DESENVOLVIMENTO ECONOMICO E SOCIAL,2671725.68,0.0,2671725.68
SEFAZ,2017-12-28,6472,2017NE000032,00360305000104,CAIXA ECONOMICA FEDERAL,2729877.24,0.0,2729877.24
SEFAZ,2017-12-28,6512,2017NE000068,09314825000155,FUNDO FINANCEIRO DE PREVIDENCIA DO ESTADO DE SERGIPE,3316356.25,0.0,3316356.25
SEFAZ,2017-12-28,6483,2017NE000046,00000000001759,BANCO DO BRASIL S/A,3472550.16,0.0,3472550.16
SEFAZ,2017-12-28,6510,2017NE000044,00394460009289,DELEGACIA DA REC.FEDERAL DO BRASIL EM ARACAJU,5462291.7,0.0,5462291.7
SEFAZ,2017-12-29,6518,2017NE000280,PF99999999,PESSOAL RELACIONADO EM FOLHA DE PAGAMENTO,8709941.74,0.0,8709941.74
SEFAZ,2018-01-12,134,2018NE000053,00360305000104,CAIXA ECONOMICA FEDERAL,1.02669375E7,0.0,1.02669375E7
SEFAZ,2018-01-24,135,2018NE000056,00394460009289,DELEGACIA DA REC.FEDERAL DO BRASIL EM ARACAJU,2773712.94,0.0,2773712.94
SEFAZ,2018-01-30,128,2018NE000038,00000000001759,BANCO DO BRASIL S/A,3070142.78,0.0,3070142.78
SEFAZ,2018-01-30,130,2018NE000054,00000000001759,BANCO DO BRASIL S/A,3208020.08,0.0,3208020.08
SEFAZ,2018-01-31,265,2018NE000005,09314825000155,FUNDO FINANCEIRO DE PREVIDENCIA DO ESTADO DE SERGIPE,3343830.42,0.0,3343830.42
SEFAZ,2018-02-01,676,2018NE000001,PF99999999,PESSOAL RELACIONADO EM FOLHA DE PAGAMENTO,8728046.77,0.0,8728046.77
SEFAZ,2018-02-06,685,2018NE000018,00360305000104,CAIXA ECONOMICA FEDERAL,2732097.48,0.0,2732097.48
SEFAZ,2018-02-09,726,2018NE000021,33657248000189,BANCO NACIONAL DE DESENVOLVIMENTO ECONOMICO E SOCIAL,2674544.97,0.0,2674544.97
SEFAZ,2018-02-09,728,2018NE000021,33657248000189,BANCO NACIONAL DE DESENVOLVIMENTO ECONOMICO E SOCIAL,4382518.6,0.0,4382518.6
SEFAZ,2018-02-09,689,2018NE000021,33657248000189,BANCO NACIONAL DE DESENVOLVIMENTO ECONOMICO E SOCIAL,2796626.55,0.0,2796626.55
SEFAZ,2018-02-15,734,2018NE000021,33657248000189,BANCO NACIONAL DE DESENVOLVIMENTO ECONOMICO E SOCIAL,4383035.97,0.0,4383035.97
SEFAZ,2018-02-15,571,2018NE000018,00360305000104,CAIXA ECONOMICA FEDERAL,2732581.3,0.0,2732581.3
SEFAZ,2018-02-15,732,2018NE000021,33657248000189,BANCO NACIONAL DE DESENVOLVIMENTO ECONOMICO E SOCIAL,2796956.72,0.0,2796956.72
SEFAZ,2018-02-28,737,2018NE000034,00000000001759,BANCO DO BRASIL S/A,5914343.5,0.0,5914343.5
SEFAZ,2018-02-28,1266,2018NE000001,PF99999999,PESSOAL RELACIONADO EM FOLHA DE PAGAMENTO,8458781.49,0.0,8458781.49
SEFAZ,2018-02-28,1249,2018NE000005,09314825000155,FUNDO FINANCEIRO DE PREVIDENCIA DO ESTADO DE SERGIPE,3249409.86,0.0,3249409.86
SEFAZ,2018-02-28,740,2018NE000054,00000000001759,BANCO DO BRASIL S/A,4136102.55,0.0,4136102.55
SEFAZ,2018-02-28,738,2018NE000038,00000000001759,BANCO DO BRASIL S/A,4510795.3,0.0,4510795.3
SEFAZ,2018-03-13,1663,2018NE000040,00000000001759,BANCO DO BRASIL S/A,2984027.09,0.0,2984027.09
SEFAZ,2018-03-14,1021,2018NE000021,33657248000189,BANCO NACIONAL DE DESENVOLVIMENTO ECONOMICO E SOCIAL,2798497.42,0.0,2798497.42
SEFAZ,2018-03-14,1022,2018NE000021,33657248000189,BANCO NACIONAL DE DESENVOLVIMENTO ECONOMICO E SOCIAL,4385450.37,0.0,4385450.37
SEFAZ,2018-03-15,1613,2018NE000018,00360305000104,CAIXA ECONOMICA FEDERAL,2871165.21,0.0,2871165.21
SEFAZ,2018-03-29,1518,2018NE000054,00000000001759,BANCO DO BRASIL S/A,2810493.71,0.0,2810493.71
SEFAZ,2018-03-29,1616,2018NE000038,00000000001759,BANCO DO BRASIL S/A,4073775.85,0.0,4073775.85
SEFAZ,2018-03-29,1615,2018NE000034,00000000001759,BANCO DO BRASIL S/A,5006509.99,0.0,5006509.99
SEFAZ,2018-03-30,1875,2018NE000001,PF99999999,PESSOAL RELACIONADO EM FOLHA DE PAGAMENTO,8400769.65,0.0,8400769.65
SEFAZ,2018-03-30,1725,2018NE000005,09314825000155,FUNDO FINANCEIRO DE PREVIDENCIA DO ESTADO DE SERGIPE,3247151.5,0.0,3247151.5
SEFAZ,2018-04-13,1888,2018NE000021,33657248000189,BANCO NACIONAL DE DESENVOLVIMENTO ECONOMICO E SOCIAL,2800093.16,0.0,2800093.16
SEFAZ,2018-04-13,1891,2018NE000021,33657248000189,BANCO NACIONAL DE DESENVOLVIMENTO ECONOMICO E SOCIAL,4387951.0,0.0,4387951.0
SEFAZ,2018-04-16,1936,2018NE000018,00360305000104,CAIXA ECONOMICA FEDERAL,2973769.76,0.0,2973769.76
SEFAZ,2018-04-30,1955,2018NE000054,00000000001759,BANCO DO BRASIL S/A,2940114.73,0.0,2940114.73
SEFAZ,2018-04-30,2019,2018NE000001,PF99999999,PESSOAL RELACIONADO EM FOLHA DE PAGAMENTO,8355980.7,0.0,8355980.7
SEFAZ,2018-04-30,2025,2018NE000005,09314825000155,FUNDO FINANCEIRO DE PREVIDENCIA DO ESTADO DE SERGIPE,3234055.5,0.0,3234055.5
SEFAZ,2018-04-30,1953,2018NE000038,00000000001759,BANCO DO BRASIL S/A,4677159.93,0.0,4677159.93
SEFAZ,2018-04-30,1952,2018NE000034,00000000001759,BANCO DO BRASIL S/A,1.099525085E7,0.0,1.099525085E7
SEFAZ,2018-05-11,2335,2018NE000052,00360305000104,CAIXA ECONOMICA FEDERAL,3056134.01,0.0,3056134.01
SEFAZ,2018-05-14,2217,2018NE000021,33657248000189,BANCO NACIONAL DE DESENVOLVIMENTO ECONOMICO E SOCIAL,4389951.5,0.0,4389951.5
SEFAZ,2018-05-14,2216,2018NE000021,33657248000189,BANCO NACIONAL DE DESENVOLVIMENTO ECONOMICO E SOCIAL,2801369.73,0.0,2801369.73
SEFAZ,2018-05-15,2331,2018NE000018,00360305000104,CAIXA ECONOMICA FEDERAL,2995166.97,0.0,2995166.97
SEFAZ,2018-05-29,2344,2018NE000005,09314825000155,FUNDO FINANCEIRO DE PREVIDENCIA DO ESTADO DE SERGIPE,3230458.32,0.0,3230458.32
SEFAZ,2018-05-30,2346,2018NE000038,00000000001759,BANCO DO BRASIL S/A,6256834.78,0.0,3128417.39
SEFAZ,2018-05-30,2348,2018NE000054,00000000001759,BANCO DO BRASIL S/A,3609429.26,0.0,3609429.26
SEFAZ,2018-05-30,2406,2018NE000038,00000000001759,BANCO DO BRASIL S/A,3128417.39,0.0,3128417.39
SEFAZ,2018-05-30,2346,2018NE000038,00000000001759,BANCO DO BRASIL S/A,-6256834.78,0.0,-3128417.39
SEFAZ,2018-05-30,2401,2018NE000001,PF99999999,PESSOAL RELACIONADO EM FOLHA DE PAGAMENTO,8372872.7,0.0,8372872.7
SEFAZ,2018-06-14,2481,2018NE000021,33657248000189,BANCO NACIONAL DE DESENVOLVIMENTO ECONOMICO E SOCIAL,2802734.37,0.0,2802734.37
SEFAZ,2018-06-14,2479,2018NE000021,33657248000189,BANCO NACIONAL DE DESENVOLVIMENTO ECONOMICO E SOCIAL,4392089.98,0.0,4392089.98
SEFAZ,2018-06-15,2792,2018NE000018,00360305000104,CAIXA ECONOMICA FEDERAL,2996626.0,0.0,2996626.0
SEFAZ,2018-06-29,2861,2018NE000038,00000000001759,BANCO DO BRASIL S/A,3130608.91,0.0,3130608.91
SEFAZ,2018-06-29,2855,2018NE000054,00000000001759,BANCO DO BRASIL S/A,3344677.33,0.0,3344677.33
SEFAZ,2018-06-29,2854,2018NE000005,09314825000155,FUNDO FINANCEIRO DE PREVIDENCIA DO ESTADO DE SERGIPE,3228546.06,0.0,3228546.06
SEFAZ,2018-06-29,2885,2018NE000001,PF99999999,PESSOAL RELACIONADO EM FOLHA DE PAGAMENTO,8388402.28,0.0,8388402.28
SEFAZ,2018-07-12,3220,2018NE000053,00360305000104,CAIXA ECONOMICA FEDERAL,1.235187E7,0.0,1.235187E7
SEFAZ,2018-07-12,3221,2018NE000052,00360305000104,CAIXA ECONOMICA FEDERAL,9626340.0,0.0,9626340.0
SEFAZ,2018-07-13,2941,2018NE000021,33657248000189,BANCO NACIONAL DE DESENVOLVIMENTO ECONOMICO E SOCIAL,4394163.77,0.0,4394163.77
SEFAZ,2018-07-13,2940,2018NE000021,33657248000189,BANCO NACIONAL DE DESENVOLVIMENTO ECONOMICO E SOCIAL,2804057.72,0.0,2804057.72
SEFAZ,2018-07-16,3230,2018NE000018,00360305000104,CAIXA ECONOMICA FEDERAL,2998040.9,0.0,2998040.9
SEFAZ,2018-07-30,3244,2018NE000038,00000000001759,BANCO DO BRASIL S/A,3136453.3,0.0,3136453.3
SEFAZ,2018-07-31,3462,2018NE000001,PF99999999,PESSOAL RELACIONADO EM FOLHA DE PAGAMENTO,8303980.53,0.0,8303980.53
SEFAZ,2018-07-31,3248,2018NE000005,09314825000155,FUNDO FINANCEIRO DE PREVIDENCIA DO ESTADO DE SERGIPE,3220040.18,0.0,3220040.18
SEFAZ,2018-08-14,3877,2018NE000021,33657248000189,BANCO NACIONAL DE DESENVOLVIMENTO ECONOMICO E SOCIAL,4396103.92,0.0,4396103.92
SEFAZ,2018-08-14,3876,2018NE000021,33657248000189,BANCO NACIONAL DE DESENVOLVIMENTO ECONOMICO E SOCIAL,2805295.79,0.0,2805295.79
SEFAZ,2018-08-23,3956,2018NE000056,00394460009289,DELEGACIA DA REC.FEDERAL DO BRASIL EM ARACAJU,4943964.1,0.0,2471982.05
SEFAZ,2018-08-29,3956,2018NE000056,00394460009289,DELEGACIA DA REC.FEDERAL DO BRASIL EM ARACAJU,-4943964.1,0.0,-2471982.05
SEFAZ,2018-08-30,4006,2018NE000018,00360305000104,CAIXA ECONOMICA FEDERAL,3024872.35,0.0,3024872.35
SEFAZ,2018-08-31,4039,2018NE000038,00000000001759,BANCO DO BRASIL S/A,3219584.16,0.0,3219584.16
SEFAZ,2018-08-31,4045,2018NE000001,PF99999999,PESSOAL RELACIONADO EM FOLHA DE PAGAMENTO,8410070.83,0.0,8410070.83
SEFAZ,2018-08-31,4027,2018NE000054,00000000001759,BANCO DO BRASIL S/A,2887962.19,0.0,2887962.19
SEFAZ,2018-08-31,4019,2018NE000005,09314825000155,FUNDO FINANCEIRO DE PREVIDENCIA DO ESTADO DE SERGIPE,3210082.44,0.0,3210082.44
SEFAZ,2018-09-13,4640,2018NE000040,00000000001759,BANCO DO BRASIL S/A,3820753.91,0.0,3820753.91
SEFAZ,2018-09-14,4242,2018NE000021,33657248000189,BANCO NACIONAL DE DESENVOLVIMENTO ECONOMICO E SOCIAL,4398238.08,0.0,4398238.08
SEFAZ,2018-09-14,4241,2018NE000021,33657248000189,BANCO NACIONAL DE DESENVOLVIMENTO ECONOMICO E SOCIAL,2806657.65,0.0,2806657.65
SEFAZ,2018-09-28,4610,2018NE000038,00000000001759,BANCO DO BRASIL S/A,3196750.39,0.0,3196750.39
SEFAZ,2018-09-28,4614,2018NE000018,00360305000104,CAIXA ECONOMICA FEDERAL,3038246.82,0.0,3038246.82
SEFAZ,2018-09-28,4571,2018NE000005,09314825000155,FUNDO FINANCEIRO DE PREVIDENCIA DO ESTADO DE SERGIPE,3205294.72,0.0,3205294.72
SEFAZ,2018-09-28,4742,2018NE000001,PF99999999,PESSOAL RELACIONADO EM FOLHA DE PAGAMENTO,8405165.21,0.0,8405165.21
SEFAZ,2018-10-15,4774,2018NE000021,33657248000189,BANCO NACIONAL DE DESENVOLVIMENTO ECONOMICO E SOCIAL,2808236.89,0.0,2808236.89
SEFAZ,2018-10-26,5098,2018NE000018,00360305000104,CAIXA ECONOMICA FEDERAL,3039956.35,0.0,3039956.35
SEFAZ,2018-10-30,5099,2018NE000021,33657248000189,BANCO NACIONAL DE DESENVOLVIMENTO ECONOMICO E SOCIAL,4400712.84,0.0,4400712.84
SEFAZ,2018-10-30,5161,2018NE000038,00000000001759,BANCO DO BRASIL S/A,3177517.58,0.0,3177517.58
SEFAZ,2018-10-31,5109,2018NE000001,PF99999999,PESSOAL RELACIONADO EM FOLHA DE PAGAMENTO,8313441.06,0.0,8313441.06
SEFAZ,2018-10-31,5103,2018NE000005,09314825000155,FUNDO FINANCEIRO DE PREVIDENCIA DO ESTADO DE SERGIPE,3205295.1,0.0,3205295.1
SEFAZ,2018-12-07,6297,2018NE000021,33657248000189,BANCO NACIONAL DE DESENVOLVIMENTO ECONOMICO E SOCIAL,4404299.95,0.0,4404299.95
SEFAZ,2018-12-07,5987,2018NE000018,00360305000104,CAIXA ECONOMICA FEDERAL,3042679.94,0.0,3042679.94
SEFAZ,2018-12-07,6295,2018NE000021,33657248000189,BANCO NACIONAL DE DESENVOLVIMENTO ECONOMICO E SOCIAL,2810525.94,0.0,2810525.94
SEFAZ,2018-12-12,6341,2018NE000054,00000000001759,BANCO DO BRASIL S/A,3102211.85,0.0,3102211.85
SEFAZ,2018-12-14,6291,2018NE000021,33657248000189,BANCO NACIONAL DE DESENVOLVIMENTO ECONOMICO E SOCIAL,2812743.45,0.0,2812743.45
SEFAZ,2018-12-14,6292,2018NE000021,33657248000189,BANCO NACIONAL DE DESENVOLVIMENTO ECONOMICO E SOCIAL,4407774.96,0.0,4407774.96
SEFAZ,2018-12-17,6335,2018NE000018,00360305000104,CAIXA ECONOMICA FEDERAL,3094995.0,0.0,3094995.0
SEFAZ,2018-12-21,6347,2018NE000056,00394460009289,DELEGACIA DA REC.FEDERAL DO BRASIL EM ARACAJU,3238796.15,0.0,3238796.15
SEFAZ,2018-12-28,6710,2018NE000038,00000000001759,BANCO DO BRASIL S/A,3202691.42,0.0,3202691.42
SEFAZ,2018-12-28,6722,2018NE000005,09314825000155,FUNDO FINANCEIRO DE PREVIDENCIA DO ESTADO DE SERGIPE,3200352.56,0.0,3200352.56
SEFAZ,2018-12-28,6712,2018NE000005,09314825000155,FUNDO FINANCEIRO DE PREVIDENCIA DO ESTADO DE SERGIPE,3200235.6,0.0,3200235.6
SEFAZ,2018-12-28,6655,2018NE000001,PF99999999,PESSOAL RELACIONADO EM FOLHA DE PAGAMENTO,8485886.35,0.0,8485886.35
SEFAZ,2018-12-31,6708,2018NE000054,00000000001759,BANCO DO BRASIL S/A,3721367.57,0.0,3721367.57
SEFAZ,2019-01-11,140,2019NE000057,00360305000104,CAIXA ECONOMICA FEDERAL,9260310.0,0.0,9260310.0
SEFAZ,2019-01-11,141,2019NE000058,00360305000104,CAIXA ECONOMICA FEDERAL,1.174202127E7,0.0,1.174202127E7
SEFAZ,2019-01-15,244,2019NE000027,33657248000189,BANCO NACIONAL DE DESENVOLVIMENTO ECONOMICO E SOCIAL,2814875.68,0.0,2814875.68
SEFAZ,2019-01-15,60,2019NE000016,00360305000104,CAIXA ECONOMICA FEDERAL,3134184.29,0.0,3134184.29
SEFAZ,2019-01-15,251,2019NE000027,33657248000189,BANCO NACIONAL DE DESENVOLVIMENTO ECONOMICO E SOCIAL,4411116.32,0.0,4411116.32
SEFAZ,2019-01-24,1,2019NE000011,00394460009289,DELEGACIA DA REC.FEDERAL DO BRASIL EM ARACAJU,3020486.82,0.0,3020486.82
SEFAZ,2019-01-30,289,2019NE000076,PF99999999,PESSOAL RELACIONADO EM FOLHA DE PAGAMENTO,8738750.69,0.0,8738750.69
SEFAZ,2019-01-30,284,2019NE000080,09314825000155,FUNDO FINANCEIRO DE PREVIDENCIA DO ESTADO DE SERGIPE,3308775.98,0.0,3308775.98
SEFAZ,2019-01-30,265,2019NE000055,00000000001759,BANCO DO BRASIL S/A,3186796.23,0.0,3186796.23
SEFAZ,2019-01-31,223,2019NE000071,00000000001759,BANCO DO BRASIL S/A,3870254.1,0.0,3870254.1
SEFAZ,2019-02-14,341,2019NE000027,33657248000189,BANCO NACIONAL DE DESENVOLVIMENTO ECONOMICO E SOCIAL,4414791.82,0.0,4414791.82
SEFAZ,2019-02-14,340,2019NE000027,33657248000189,BANCO NACIONAL DE DESENVOLVIMENTO ECONOMICO E SOCIAL,2817221.14,0.0,2817221.14
SEFAZ,2019-02-15,604,2019NE000016,00360305000104,CAIXA ECONOMICA FEDERAL,3136795.8,0.0,3136795.8
SEFAZ,2019-02-26,887,2019NE000076,PF99999999,PESSOAL RELACIONADO EM FOLHA DE PAGAMENTO,8370151.4,0.0,8370151.4
SEFAZ,2019-02-28,791,2019NE000055,00000000001759,BANCO DO BRASIL S/A,3193548.46,0.0,3193548.46
SEFAZ,2019-02-28,770,2019NE000071,00000000001759,BANCO DO BRASIL S/A,4256572.43,0.0,4256572.43
SEFAZ,2019-02-28,811,2019NE000080,09314825000155,FUNDO FINANCEIRO DE PREVIDENCIA DO ESTADO DE SERGIPE,3211989.72,0.0,3211989.72
SEFAZ,2019-03-13,951,2019NE000214,00000000001759,BANCO DO BRASIL S/A,3504490.55,0.0,3504490.55
SEFAZ,2019-03-14,826,2019NE000220,33657248000189,BANCO NACIONAL DE DESENVOLVIMENTO ECONOMICO E SOCIAL,2819339.61,0.0,2819339.61
SEFAZ,2019-03-14,828,2019NE000220,33657248000189,BANCO NACIONAL DE DESENVOLVIMENTO ECONOMICO E SOCIAL,4418111.62,0.0,4418111.62
SEFAZ,2019-03-15,954,2019NE000221,00360305000104,CAIXA ECONOMICA FEDERAL,3243790.16,0.0,3243790.16
SEFAZ,2019-03-29,1380,2019NE000055,00000000001759,BANCO DO BRASIL S/A,3202508.89,0.0,3202508.89
SEFAZ,2019-03-29,1412,2019NE000076,PF99999999,PESSOAL RELACIONADO EM FOLHA DE PAGAMENTO,8306219.71,0.0,8306219.71
SEFAZ,2019-03-29,1016,2019NE000071,00000000001759,BANCO DO BRASIL S/A,3171363.3,0.0,3171363.3
SEFAZ,2019-03-29,1406,2019NE000080,09314825000155,FUNDO FINANCEIRO DE PREVIDENCIA DO ESTADO DE SERGIPE,3209335.96,0.0,3209335.96
SEFAZ,2019-04-12,1469,2019NE000220,33657248000189,BANCO NACIONAL DE DESENVOLVIMENTO ECONOMICO E SOCIAL,8841099.48,0.0,4420549.74
SEFAZ,2019-04-12,1466,2019NE000220,33657248000189,BANCO NACIONAL DE DESENVOLVIMENTO ECONOMICO E SOCIAL,2820895.44,0.0,2820895.44
SEFAZ,2019-04-15,1469,2019NE000220,33657248000189,BANCO NACIONAL DE DESENVOLVIMENTO ECONOMICO E SOCIAL,-8841099.48,0.0,-4420549.74
SEFAZ,2019-04-15,1500,2019NE000220,33657248000189,BANCO NACIONAL DE DESENVOLVIMENTO ECONOMICO E SOCIAL,4420549.74,0.0,4420549.74
SEFAZ,2019-04-16,1551,2019NE000221,00360305000104,CAIXA ECONOMICA FEDERAL,3361035.12,0.0,3361035.12
SEFAZ,2019-04-30,1662,2019NE000071,00000000001759,BANCO DO BRASIL S/A,3115385.19,0.0,3115385.19
SEFAZ,2019-04-30,2109,2019NE000076,PF99999999,PESSOAL RELACIONADO EM FOLHA DE PAGAMENTO,8532936.65,0.0,8532936.65
SEFAZ,2019-04-30,2079,2019NE000080,09314825000155,FUNDO FINANCEIRO DE PREVIDENCIA DO ESTADO DE SERGIPE,3295189.04,0.0,3295189.04
SEFAZ,2019-04-30,1719,2019NE000055,00000000001759,BANCO DO BRASIL S/A,3206850.23,0.0,3206850.23
SEFAZ,2019-07-10,3285,2019NE000080,09314825000155,FUNDO FINANCEIRO DE PREVIDENCIA DO ESTADO DE SERGIPE,3291555.24,0.0,3291555.24
SEFAZ,2019-07-11,3289,2019NE000058,00360305000104,CAIXA ECONOMICA FEDERAL,1.170159139E7,0.0,1.170159139E7
SEFAZ,2019-07-11,3288,2019NE000057,00360305000104,CAIXA ECONOMICA FEDERAL,9344970.0,0.0,9344970.0
SEFAZ,2019-07-12,3201,2019NE000220,33657248000189,BANCO NACIONAL DE DESENVOLVIMENTO ECONOMICO E SOCIAL,2822378.39,0.0,2822378.39
SEFAZ,2019-07-12,3204,2019NE000220,33657248000189,BANCO NACIONAL DE DESENVOLVIMENTO ECONOMICO E SOCIAL,4422873.6,0.0,4422873.6
SEFAZ,2019-07-15,3294,2019NE000221,00360305000104,CAIXA ECONOMICA FEDERAL,3362802.0,0.0,3362802.0
SEFAZ,2019-07-24,3319,2019NE000011,00394460009289,DELEGACIA DA REC.FEDERAL DO BRASIL EM ARACAJU,2756697.01,0.0,2756697.01
SEFAZ,2019-07-25,3723,2019NE000076,PF99999999,PESSOAL RELACIONADO EM FOLHA DE PAGAMENTO,8421883.32,0.0,8421883.32
SEFAZ,2019-07-31,3674,2019NE000080,09314825000155,FUNDO FINANCEIRO DE PREVIDENCIA DO ESTADO DE SERGIPE,3290545.4,0.0,3290545.4
SEFAZ,2019-07-31,3335,2019NE000055,00000000001759,BANCO DO BRASIL S/A,3205935.14,0.0,3205935.14
SEFAZ,2019-09-13,4320,2019NE000220,33657248000189,BANCO NACIONAL DE DESENVOLVIMENTO ECONOMICO E SOCIAL,4422873.6,0.0,4422873.6
SEFAZ,2019-09-13,4318,2019NE000220,33657248000189,BANCO NACIONAL DE DESENVOLVIMENTO ECONOMICO E SOCIAL,2822378.39,0.0,2822378.39
SEFAZ,2019-09-16,4391,2019NE000221,00360305000104,CAIXA ECONOMICA FEDERAL,3471892.9,0.0,3471892.9
SEFAZ,2019-09-25,4423,2019NE000214,00000000001759,BANCO DO BRASIL S/A,3701926.64,0.0,3701926.64
SEFAZ,2019-09-30,4685,2019NE000055,00000000001759,BANCO DO BRASIL S/A,3209089.2,0.0,3209089.2
SEFAZ,2019-09-30,5075,2019NE000076,PF99999999,PESSOAL RELACIONADO EM FOLHA DE PAGAMENTO,8353637.02,0.0,8353637.02
SEFAZ,2019-09-30,4686,2019NE000080,09314825000155,FUNDO FINANCEIRO DE PREVIDENCIA DO ESTADO DE SERGIPE,3187209.38,0.0,3187209.38
SEFAZ,2019-09-30,4430,2019NE000071,00000000001759,BANCO DO BRASIL S/A,2764770.26,0.0,2764770.26
SEFAZ,2019-09-30,4428,2019NE000075,PF66666666,DEPOSITOS JUDICIAIS,4617026.47,0.0,4617026.47
SEFAZ,2019-10-14,5091,2019NE000220,33657248000189,BANCO NACIONAL DE DESENVOLVIMENTO ECONOMICO E SOCIAL,2822378.39,0.0,2822378.39
SEFAZ,2019-10-14,5092,2019NE000220,33657248000189,BANCO NACIONAL DE DESENVOLVIMENTO ECONOMICO E SOCIAL,4422873.6,0.0,4422873.6
SEFAZ,2019-10-24,5276,2019NE000221,00360305000104,CAIXA ECONOMICA FEDERAL,3471892.9,0.0,3471892.9
SEFAZ,2019-10-24,5267,2019NE000011,00394460009289,DELEGACIA DA REC.FEDERAL DO BRASIL EM ARACAJU,5818060.7,0.0,2909030.35
SEFAZ,2019-10-25,5267,2019NE000011,00394460009289,DELEGACIA DA REC.FEDERAL DO BRASIL EM ARACAJU,-5818060.7,0.0,-2909030.35
SEFAZ,2019-10-25,5280,2019NE000011,00394460009289,DELEGACIA DA REC.FEDERAL DO BRASIL EM ARACAJU,2909030.35,0.0,2909030.35
SEFAZ,2019-10-29,5617,2019NE000076,PF99999999,PESSOAL RELACIONADO EM FOLHA DE PAGAMENTO,8314466.58,0.0,8314466.58
SEFAZ,2019-10-30,5303,2019NE000055,00000000001759,BANCO DO BRASIL S/A,3206674.85,0.0,3206674.85
SEFAZ,2019-10-31,5295,2019NE000080,09314825000155,FUNDO FINANCEIRO DE PREVIDENCIA DO ESTADO DE SERGIPE,3167324.04,0.0,3167324.04
SEFAZ,2019-11-14,5813,2019NE000220,33657248000189,BANCO NACIONAL DE DESENVOLVIMENTO ECONOMICO E SOCIAL,2822378.39,0.0,2822378.39
SEFAZ,2019-11-14,5814,2019NE000220,33657248000189,BANCO NACIONAL DE DESENVOLVIMENTO ECONOMICO E SOCIAL,4422873.6,0.0,4422873.6
SEFAZ,2019-11-22,5892,2019NE000011,00394460009289,DELEGACIA DA REC.FEDERAL DO BRASIL EM ARACAJU,5300257.22,0.0,2650128.61
SEFAZ,2019-11-25,5892,2019NE000011,00394460009289,DELEGACIA DA REC.FEDERAL DO BRASIL EM ARACAJU,-5300257.22,0.0,-2650128.61
SEFAZ,2019-11-29,5976,2019NE000071,00000000001759,BANCO DO BRASIL S/A,3465736.29,0.0,3465736.29
SEFAZ,2019-11-29,6202,2019NE000221,00360305000104,CAIXA ECONOMICA FEDERAL,3715089.56,0.0,3715089.56
SEFAZ,2019-11-29,5979,2019NE000058,00360305000104,CAIXA ECONOMICA FEDERAL,3533301.08,0.0,3533301.08
SEFAZ,2019-11-29,5977,2019NE000057,00360305000104,CAIXA ECONOMICA FEDERAL,5884965.88,0.0,5884965.88
SEFAZ,2019-11-29,5978,2019NE000080,09314825000155,FUNDO FINANCEIRO DE PREVIDENCIA DO ESTADO DE SERGIPE,3165694.78,0.0,3165694.78
SEFAZ,2019-11-29,6414,2019NE000076,PF99999999,PESSOAL RELACIONADO EM FOLHA DE PAGAMENTO,8325293.77,0.0,8325293.77
SEFAZ,2019-11-29,6048,2019NE000055,00000000001759,BANCO DO BRASIL S/A,3204539.76,0.0,3204539.76
SEFAZ,2019-12-13,6406,2019NE000220,33657248000189,BANCO NACIONAL DE DESENVOLVIMENTO ECONOMICO E SOCIAL,4422873.6,0.0,4422873.6
SEFAZ,2019-12-13,6405,2019NE000220,33657248000189,BANCO NACIONAL DE DESENVOLVIMENTO ECONOMICO E SOCIAL,2822378.39,0.0,2822378.39
SEFAZ,2019-12-18,6898,2019NE000076,PF99999999,PESSOAL RELACIONADO EM FOLHA DE PAGAMENTO,8640091.06,0.0,8640091.06
SEFAZ,2019-12-20,6909,2019NE000080,09314825000155,FUNDO FINANCEIRO DE PREVIDENCIA DO ESTADO DE SERGIPE,3142021.6,0.0,3142021.6
SEFAZ,2019-12-23,6815,2019NE000011,00394460009289,DELEGACIA DA REC.FEDERAL DO BRASIL EM ARACAJU,2912667.92,0.0,2912667.92
SEFAZ,2019-12-27,6986,2019NE000221,00360305000104,CAIXA ECONOMICA FEDERAL,3715089.56,0.0,3715089.56
SEFAZ,2019-12-30,6916,2019NE000055,00000000001759,BANCO DO BRASIL S/A,3204560.43,0.0,3204560.43
SEFAZ,2019-12-30,6921,2019NE000080,09314825000155,FUNDO FINANCEIRO DE PREVIDENCIA DO ESTADO DE SERGIPE,3145524.32,0.0,3145524.32
SEFAZ,2019-12-30,6915,2019NE000054,00000000001759,BANCO DO BRASIL S/A,-3098155.22,0.0,-1549077.61
SEFAZ,2019-12-30,6915,2019NE000054,00000000001759,BANCO DO BRASIL S/A,3098155.22,0.0,1549077.61
SEFAZ,2019-12-31,6927,2019NE000076,PF99999999,PESSOAL RELACIONADO EM FOLHA DE PAGAMENTO,8289156.06,0.0,8289156.06
SEFAZ,2019-12-31,6913,2019NE000071,00000000001759,BANCO DO BRASIL S/A,4117877.24,0.0,4117877.24
SEFAZ,2020-01-29,108,2020NE000003,PF99999999,PESSOAL RELACIONADO EM FOLHA DE PAGAMENTO,8378487.24,0.0,8378487.24
SEFAZ,2020-01-31,42,2020NE000061,33657248000189,BANCO NACIONAL DE DESENVOLVIMENTO ECONOMICO E SOCIAL,3118568.43,0.0,3118568.43
SEFAZ,2020-01-31,153,2020NE000029,00394460009289,DELEGACIA DA REC.FEDERAL DO BRASIL EM ARACAJU,3688734.55,0.0,3688734.55
SEFAZ,2020-01-31,52,2020NE000052,00000000001759,BANCO DO BRASIL S/A,3197945.88,0.0,3197945.88
SEFAZ,2020-01-31,156,2020NE000057,00360305000104,CAIXA ECONOMICA FEDERAL,1.266320613E7,0.0,1.266320613E7
SEFAZ,2020-01-31,39,2020NE000061,33657248000189,BANCO NACIONAL DE DESENVOLVIMENTO ECONOMICO E SOCIAL,4422873.6,0.0,4422873.6
SEFAZ,2020-01-31,155,2020NE000056,00360305000104,CAIXA ECONOMICA FEDERAL,1.031358E7,0.0,1.031358E7
SEFAZ,2020-01-31,157,2020NE000007,09314825000155,FUNDO FINANCEIRO DE PREVIDENCIA DO ESTADO DE SERGIPE,3192230.16,0.0,3192230.16
SEFAZ,2020-01-31,209,2020NE000047,00360305000104,CAIXA ECONOMICA FEDERAL,3750097.7,0.0,3750097.7
SEFAZ,2020-02-14,206,2020NE000061,33657248000189,BANCO NACIONAL DE DESENVOLVIMENTO ECONOMICO E SOCIAL,4422873.6,0.0,4422873.6
SEFAZ,2020-02-14,205,2020NE000061,33657248000189,BANCO NACIONAL DE DESENVOLVIMENTO ECONOMICO E SOCIAL,3118568.43,0.0,3118568.43
SEFAZ,2020-02-28,514,2020NE000047,00360305000104,CAIXA ECONOMICA FEDERAL,3750097.7,0.0,3750097.7
SEFAZ,2020-02-28,529,2020NE000029,00394460009289,DELEGACIA DA REC.FEDERAL DO BRASIL EM ARACAJU,2998361.54,0.0,2998361.54
SEFAZ,2020-02-28,453,2020NE000052,00000000001759,BANCO DO BRASIL S/A,3193839.38,0.0,3193839.38
SEFAZ,2020-02-28,508,2020NE000059,00000000001759,BANCO DO BRASIL S/A,3542276.88,0.0,3542276.88
SEFAZ,2020-02-28,516,2020NE000007,09314825000155,FUNDO FINANCEIRO DE PREVIDENCIA DO ESTADO DE SERGIPE,3077452.76,0.0,3077452.76
SEFAZ,2020-02-28,699,2020NE000003,PF99999999,PESSOAL RELACIONADO EM FOLHA DE PAGAMENTO,7992396.72,0.0,7992396.72
SEFAZ,2020-03-13,752,2020NE000061,33657248000189,BANCO NACIONAL DE DESENVOLVIMENTO ECONOMICO E SOCIAL,3118568.43,0.0,3118568.43
SEFAZ,2020-03-13,753,2020NE000061,33657248000189,BANCO NACIONAL DE DESENVOLVIMENTO ECONOMICO E SOCIAL,4422873.6,0.0,4422873.6
SEFAZ,2020-03-19,973,2020NE000095,00000000001759,BANCO DO BRASIL S/A,4406663.78,0.0,4406663.78
SEFAZ,2020-03-19,834,2020NE000047,00360305000104,CAIXA ECONOMICA FEDERAL,3750097.7,0.0,3750097.7
SEFAZ,2020-03-26,1035,2020NE000003,PF99999999,PESSOAL RELACIONADO EM FOLHA DE PAGAMENTO,8021726.53,0.0,8021726.53
SEFAZ,2020-03-31,981,2020NE000007,09314825000155,FUNDO FINANCEIRO DE PREVIDENCIA DO ESTADO DE SERGIPE,3075238.14,0.0,3075238.14
SEFAZ,2020-04-15,1402,2020NE000047,00360305000104,CAIXA ECONOMICA FEDERAL,4261720.3,0.0,4261720.3
SEFAZ,2020-04-29,1425,2020NE000061,33657248000189,BANCO NACIONAL DE DESENVOLVIMENTO ECONOMICO E SOCIAL,3118568.43,0.0,3118568.43
SEFAZ,2020-04-29,1427,2020NE000061,33657248000189,BANCO NACIONAL DE DESENVOLVIMENTO ECONOMICO E SOCIAL,4422873.6,0.0,4422873.6
SEFAZ,2020-04-29,1332,2020NE000003,PF99999999,PESSOAL RELACIONADO EM FOLHA DE PAGAMENTO,1.553441422E7,0.0,7767207.11
SEFAZ,2020-04-29,1332,2020NE000003,PF99999999,PESSOAL RELACIONADO EM FOLHA DE PAGAMENTO,-1.553441422E7,0.0,-7767207.11
SEFAZ,2020-05-04,1935,2020NE000295,PF99999999,PESSOAL RELACIONADO EM FOLHA DE PAGAMENTO,7767207.11,0.0,7767207.11
SEFAZ,2020-05-08,1731,2020NE000007,09314825000155,FUNDO FINANCEIRO DE PREVIDENCIA DO ESTADO DE SERGIPE,3309980.74,0.0,3309980.74
SEFAZ,2020-05-13,1673,2020NE000057,00360305000104,CAIXA ECONOMICA FEDERAL,4467551.17,0.0,4467551.17
SEFAZ,2020-05-13,1674,2020NE000056,00360305000104,CAIXA ECONOMICA FEDERAL,8963759.33,0.0,8963759.33
SEFAZ,2020-05-21,1704,2020NE000047,00360305000104,CAIXA ECONOMICA FEDERAL,4261720.3,0.0,4261720.3
SEFAZ,2020-05-29,1929,2020NE000003,PF99999999,PESSOAL RELACIONADO EM FOLHA DE PAGAMENTO,7892496.09,0.0,7892496.09
SEFAZ,2020-05-29,1818,2020NE000007,09314825000155,FUNDO FINANCEIRO DE PREVIDENCIA DO ESTADO DE SERGIPE,3317734.28,0.0,3317734.28
SEFAZ,2020-06-15,2040,2020NE000047,00360305000104,CAIXA ECONOMICA FEDERAL,4261720.3,0.0,4261720.3
SEFAZ,2020-06-16,2011,2020NE000061,33657248000189,BANCO NACIONAL DE DESENVOLVIMENTO ECONOMICO E SOCIAL,3118568.43,0.0,3118568.43
SEFAZ,2020-06-16,2008,2020NE000061,33657248000189,BANCO NACIONAL DE DESENVOLVIMENTO ECONOMICO E SOCIAL,4422873.6,0.0,4422873.6
SEFAZ,2020-06-30,2269,2020NE000003,PF99999999,PESSOAL RELACIONADO EM FOLHA DE PAGAMENTO,7807231.8,0.0,7807231.8
SEFAZ,2020-06-30,2327,2020NE000007,09314825000155,FUNDO FINANCEIRO DE PREVIDENCIA DO ESTADO DE SERGIPE,3297631.36,0.0,3297631.36
SEFAZ,2020-07-21,2554,2020NE000056,00360305000104,CAIXA ECONOMICA FEDERAL,1.3355115E7,0.0,1.3355115E7
SEFAZ,2020-07-21,2555,2020NE000057,00360305000104,CAIXA ECONOMICA FEDERAL,1.607363716E7,0.0,1.607363716E7
SEFAZ,2020-07-22,2531,2020NE000029,00394460009289,DELEGACIA DA REC.FEDERAL DO BRASIL EM ARACAJU,2957648.82,0.0,2957648.82
SEFAZ,2020-07-28,2939,2020NE000003,PF99999999,PESSOAL RELACIONADO EM FOLHA DE PAGAMENTO,7707307.89,0.0,7707307.89
SEFAZ,2020-07-31,2666,2020NE000007,09314825000155,FUNDO FINANCEIRO DE PREVIDENCIA DO ESTADO DE SERGIPE,3309159.92,0.0,3309159.92
SEFAZ,2020-08-24,3044,2020NE000029,00394460009289,DELEGACIA DA REC.FEDERAL DO BRASIL EM ARACAJU,3049891.53,0.0,3049891.53
SEFAZ,2020-08-26,3192,2020NE000003,PF99999999,PESSOAL RELACIONADO EM FOLHA DE PAGAMENTO,7680567.43,0.0,7680567.43
SEFAZ,2020-08-31,3083,2020NE000007,09314825000155,FUNDO FINANCEIRO DE PREVIDENCIA DO ESTADO DE SERGIPE,3296555.08,0.0,3296555.08
SEFAZ,2020-09-17,3471,2020NE000095,00000000001759,BANCO DO BRASIL S/A,4849066.87,0.0,4849066.87
SEFAZ,2020-09-23,3465,2020NE000029,00394460009289,DELEGACIA DA REC.FEDERAL DO BRASIL EM ARACAJU,3271299.62,0.0,3271299.62
SEFAZ,2020-09-25,3675,2020NE000003,PF99999999,PESSOAL RELACIONADO EM FOLHA DE PAGAMENTO,7648452.02,0.0,7648452.02
SEFAZ,2020-09-29,3595,2020NE000007,09314825000155,FUNDO FINANCEIRO DE PREVIDENCIA DO ESTADO DE SERGIPE,3266753.58,0.0,3266753.58
SEFAZ,2020-10-22,3925,2020NE000029,00394460009289,DELEGACIA DA REC.FEDERAL DO BRASIL EM ARACAJU,3722918.22,0.0,3722918.22
SEFAZ,2020-10-28,4213,2020NE000003,PF99999999,PESSOAL RELACIONADO EM FOLHA DE PAGAMENTO,7648428.06,0.0,7648428.06
SEFAZ,2020-10-29,4308,2020NE000051,00000000001759,BANCO DO BRASIL S/A,2.055677659E7,0.0,2.055677659E7
SEFAZ,2020-10-30,4092,2020NE000007,09314825000155,FUNDO FINANCEIRO DE PREVIDENCIA DO ESTADO DE SERGIPE,3252398.52,0.0,3252398.52
SEFAZ,2020-11-18,4343,2020NE000056,00360305000104,CAIXA ECONOMICA FEDERAL,8868344.24,0.0,8868344.24
SEFAZ,2020-11-23,4481,2020NE000029,00394460009289,DELEGACIA DA REC.FEDERAL DO BRASIL EM ARACAJU,3430435.56,0.0,3430435.56
SEFAZ,2020-11-26,4605,2020NE000003,PF99999999,PESSOAL RELACIONADO EM FOLHA DE PAGAMENTO,7656741.79,0.0,7656741.79
SEFAZ,2020-11-30,4493,2020NE000007,09314825000155,FUNDO FINANCEIRO DE PREVIDENCIA DO ESTADO DE SERGIPE,3251322.04,0.0,3251322.04
SEFAZ,2021-01-13,535,2021NE000316,00360305000104,CAIXA ECONOMICA FEDERAL,1.315965E7,0.0,1.315965E7
SEFAZ,2021-01-13,491,2021NE000218,00360305000104,CAIXA ECONOMICA FEDERAL,1.562946263E7,0.0,1.562946263E7
SEFAZ,2021-01-15,527,2021NE000229,33657248000189,BANCO NACIONAL DE DESENVOLVIMENTO ECONOMICO E SOCIAL,3333617.76,0.0,3333617.76
SEFAZ,2021-01-15,496,2021NE000225,00360305000104,CAIXA ECONOMICA FEDERAL,4408589.34,0.0,4408589.34
SEFAZ,2021-01-25,466,2021NE000171,00000000001759,BANCO DO BRASIL S/A,4027882.69,0.0,4027882.69
SEFAZ,2021-01-27,115,2021NE000059,PF99999999,PESSOAL RELACIONADO EM FOLHA DE PAGAMENTO,8369200.64,0.0,8369200.64
SEFAZ,2021-01-29,138,2021NE000063,09314825000155,FUNDO FINANCEIRO DE PREVIDENCIA DO ESTADO DE SERGIPE,3345330.04,0.0,3345330.04
SEFAZ,2021-01-29,469,2021NE000202,00000000001759,BANCO DO BRASIL S/A,3094523.22,0.0,3094523.22
SEFAZ,2021-02-17,897,2021NE000229,33657248000189,BANCO NACIONAL DE DESENVOLVIMENTO ECONOMICO E SOCIAL,3333617.76,0.0,3333617.76
SEFAZ,2021-02-23,601,2021NE000059,PF99999999,PESSOAL RELACIONADO EM FOLHA DE PAGAMENTO,8813203.71,0.0,8813203.71
SEFAZ,2021-02-24,538,2021NE000171,00000000001759,BANCO DO BRASIL S/A,2973803.97,0.0,2973803.97
SEFAZ,2021-02-26,954,2021NE000169,00000000001759,BANCO DO BRASIL S/A,4013365.94,0.0,4013365.94
SEFAZ,2021-02-26,694,2021NE000063,09314825000155,FUNDO FINANCEIRO DE PREVIDENCIA DO ESTADO DE SERGIPE,3240719.18,0.0,3240719.18
SEFAZ,2021-02-26,894,2021NE000202,00000000001759,BANCO DO BRASIL S/A,3084310.85,0.0,3084310.85
SEFAZ,2021-03-11,1128,2021NE000314,00000000001759,BANCO DO BRASIL S/A,5079408.97,0.0,5079408.97
SEFAZ,2021-03-12,951,2021NE000229,33657248000189,BANCO NACIONAL DE DESENVOLVIMENTO ECONOMICO E SOCIAL,3333617.76,0.0,3333617.76
SEFAZ,2021-03-23,1169,2021NE000171,00000000001759,BANCO DO BRASIL S/A,2717448.77,0.0,2717448.77
SEFAZ,2021-03-26,1234,2021NE000059,PF99999999,PESSOAL RELACIONADO EM FOLHA DE PAGAMENTO,8143613.47,0.0,8143613.47
SEFAZ,2021-03-30,1339,2021NE000202,00000000001759,BANCO DO BRASIL S/A,3073352.63,0.0,3073352.63
SEFAZ,2021-03-31,1408,2021NE000063,09314825000155,FUNDO FINANCEIRO DE PREVIDENCIA DO ESTADO DE SERGIPE,3244103.96,0.0,3244103.96
SEFAZ,2021-04-14,1449,2021NE000229,33657248000189,BANCO NACIONAL DE DESENVOLVIMENTO ECONOMICO E SOCIAL,3333617.76,0.0,3333617.76
SEFAZ,2021-04-22,1552,2021NE000171,00000000001759,BANCO DO BRASIL S/A,3564256.25,0.0,3564256.25
SEFAZ,2021-04-27,1829,2021NE000059,PF99999999,PESSOAL RELACIONADO EM FOLHA DE PAGAMENTO,8456053.3,0.0,8456053.3
SEFAZ,2021-04-30,1789,2021NE000063,09314825000155,FUNDO FINANCEIRO DE PREVIDENCIA DO ESTADO DE SERGIPE,3409998.84,0.0,3409998.84
SEFAZ,2021-04-30,1810,2021NE000202,00000000001759,BANCO DO BRASIL S/A,3061804.35,0.0,3061804.35
SEFAZ,2021-05-12,2160,2021NE000317,00360305000104,CAIXA ECONOMICA FEDERAL,8934180.7,0.0,8934180.7
SEFAZ,2021-05-13,1981,2021NE000229,33657248000189,BANCO NACIONAL DE DESENVOLVIMENTO ECONOMICO E SOCIAL,3333617.76,0.0,3333617.76
SEFAZ,2021-05-21,2132,2021NE000171,00000000001759,BANCO DO BRASIL S/A,2998120.93,0.0,2998120.93
SEFAZ,2021-05-25,2247,2021NE000059,PF99999999,PESSOAL RELACIONADO EM FOLHA DE PAGAMENTO,8601578.13,0.0,8601578.13
SEFAZ,2021-05-28,2334,2021NE000169,00000000001759,BANCO DO BRASIL S/A,2875569.32,0.0,2875569.32
SEFAZ,2021-05-28,2270,2021NE000063,09314825000155,FUNDO FINANCEIRO DE PREVIDENCIA DO ESTADO DE SERGIPE,3399655.14,0.0,3399655.14
SEFAZ,2021-05-31,2438,2021NE000224,62232889000190,BANCO DAYCOVAL S/A,3.111111108E7,0.0,3.111111108E7
SEFAZ,2021-05-31,2336,2021NE000202,00000000001759,BANCO DO BRASIL S/A,3054034.15,0.0,3054034.15
SEFAZ,2021-06-01,2997,2021NE000637,62232889000190,BANCO DAYCOVAL S/A,3.111111108E7,0.0,3.111111108E7
SEFAZ,2021-06-01,2438,2021NE000224,62232889000190,BANCO DAYCOVAL S/A,-6.222222216E7,0.0,-3.111111108E7
SEFAZ,2021-06-14,2441,2021NE000229,33657248000189,BANCO NACIONAL DE DESENVOLVIMENTO ECONOMICO E SOCIAL,3333617.76,0.0,3333617.76
SEFAZ,2021-06-21,2623,2021NE000171,00000000001759,BANCO DO BRASIL S/A,3436981.29,0.0,3436981.29
SEFAZ,2021-06-23,2655,2021NE000059,PF99999999,PESSOAL RELACIONADO EM FOLHA DE PAGAMENTO,8362860.86,0.0,8362860.86
SEFAZ,2021-06-30,2714,2021NE000202,00000000001759,BANCO DO BRASIL S/A,3045417.43,0.0,3045417.43
SEFAZ,2021-06-30,2745,2021NE000063,09314825000155,FUNDO FINANCEIRO DE PREVIDENCIA DO ESTADO DE SERGIPE,3378239.68,0.0,3378239.68
SEFAZ,2021-07-13,3200,2021NE000316,00360305000104,CAIXA ECONOMICA FEDERAL,1.286832E7,0.0,1.286832E7
SEFAZ,2021-07-13,3199,2021NE000218,00360305000104,CAIXA ECONOMICA FEDERAL,1.507658573E7,0.0,1.507658573E7
SEFAZ,2021-07-13,2902,2021NE000229,33657248000189,BANCO NACIONAL DE DESENVOLVIMENTO ECONOMICO E SOCIAL,3333617.76,0.0,3333617.76
SEFAZ,2021-07-22,3083,2021NE000171,00000000001759,BANCO DO BRASIL S/A,2975569.68,0.0,2975569.68
SEFAZ,2021-07-27,3193,2021NE000059,PF99999999,PESSOAL RELACIONADO EM FOLHA DE PAGAMENTO,8729992.65,0.0,8729992.65
SEFAZ,2021-07-29,3283,2021NE000063,09314825000155,FUNDO FINANCEIRO DE PREVIDENCIA DO ESTADO DE SERGIPE,3355939.26,0.0,3355939.26
SEFAZ,2021-07-30,3399,2021NE000202,00000000001759,BANCO DO BRASIL S/A,3039553.03,0.0,3039553.03
SEFAZ,2021-08-13,3537,2021NE000229,33657248000189,BANCO NACIONAL DE DESENVOLVIMENTO ECONOMICO E SOCIAL,3333617.76,0.0,3333617.76
SEFAZ,2021-08-24,3707,2021NE000063,09314825000155,FUNDO FINANCEIRO DE PREVIDENCIA DO ESTADO DE SERGIPE,3342725.5,0.0,3342725.5
SEFAZ,2021-08-24,3672,2021NE000171,00000000001759,BANCO DO BRASIL S/A,3385470.3,0.0,3385470.3
SEFAZ,2021-08-25,3761,2021NE000059,PF99999999,PESSOAL RELACIONADO EM FOLHA DE PAGAMENTO,8775879.86,0.0,8775879.86
SEFAZ,2021-08-30,3835,2021NE000202,00000000001759,BANCO DO BRASIL S/A,3034454.11,0.0,3034454.11
SEFAZ,2021-08-31,3850,2021NE000169,00000000001759,BANCO DO BRASIL S/A,2673232.09,0.0,2673232.09
SEFAZ,2021-09-13,4008,2021NE000314,00000000001759,BANCO DO BRASIL S/A,4796051.62,0.0,4796051.62
SEFAZ,2021-09-14,3924,2021NE000229,33657248000189,BANCO NACIONAL DE DESENVOLVIMENTO ECONOMICO E SOCIAL,3333617.76,0.0,3333617.76
SEFAZ,2021-09-22,4160,2021NE000171,00000000001759,BANCO DO BRASIL S/A,3806983.48,0.0,3806983.48
SEFAZ,2021-09-23,4253,2021NE000059,PF99999999,PESSOAL RELACIONADO EM FOLHA DE PAGAMENTO,8612235.15,0.0,8612235.15
SEFAZ,2021-09-28,4421,2021NE000063,09314825000155,FUNDO FINANCEIRO DE PREVIDENCIA DO ESTADO DE SERGIPE,3340093.08,0.0,3340093.08
SEFAZ,2021-09-30,4407,2021NE000202,00000000001759,BANCO DO BRASIL S/A,3031574.64,0.0,3031574.64
SEFAZ,2021-10-13,4526,2021NE000229,33657248000189,BANCO NACIONAL DE DESENVOLVIMENTO ECONOMICO E SOCIAL,3333617.76,0.0,3333617.76
SEFAZ,2021-10-20,4713,2021NE000171,00000000001759,BANCO DO BRASIL S/A,3712076.98,0.0,3712076.98
SEFAZ,2021-10-25,5085,2021NE000059,PF99999999,PESSOAL RELACIONADO EM FOLHA DE PAGAMENTO,8751445.39,0.0,8751445.39
SEFAZ,2021-10-26,5028,2021NE000063,09314825000155,FUNDO FINANCEIRO DE PREVIDENCIA DO ESTADO DE SERGIPE,3309068.24,0.0,3309068.24
SEFAZ,2021-10-29,5106,2021NE000202,00000000001759,BANCO DO BRASIL S/A,3029944.94,0.0,3029944.94
SEFAZ,2021-11-10,5398,2021NE000317,00360305000104,CAIXA ECONOMICA FEDERAL,9328486.34,0.0,9328486.34
SEFAZ,2021-11-12,5259,2021NE000229,33657248000189,BANCO NACIONAL DE DESENVOLVIMENTO ECONOMICO E SOCIAL,3333617.76,0.0,3333617.76
SEFAZ,2021-11-19,5486,2021NE000315,00360305000104,CAIXA ECONOMICA FEDERAL,2676549.35,0.0,2676549.35
SEFAZ,2021-11-24,5495,2021NE000171,00000000001759,BANCO DO BRASIL S/A,3810841.89,0.0,3810841.89
SEFAZ,2021-11-29,5602,2021NE000059,PF99999999,PESSOAL RELACIONADO EM FOLHA DE PAGAMENTO,8665646.72,0.0,8665646.72
SEFAZ,2021-11-29,5767,2021NE000059,PF99999999,PESSOAL RELACIONADO EM FOLHA DE PAGAMENTO,4926793.75,0.0,4926793.75
SEFAZ,2021-11-30,5676,2021NE000202,00000000001759,BANCO DO BRASIL S/A,3029343.19,0.0,3029343.19
SEFAZ,2021-11-30,5663,2021NE000169,00000000001759,BANCO DO BRASIL S/A,3226690.04,0.0,3226690.04
SEFAZ,2021-11-30,5662,2021NE000063,09314825000155,FUNDO FINANCEIRO DE PREVIDENCIA DO ESTADO DE SERGIPE,3280896.76,0.0,3280896.76
SEFAZ,2021-11-30,5660,2021NE000063,09314825000155,FUNDO FINANCEIRO DE PREVIDENCIA DO ESTADO DE SERGIPE,3287767.56,0.0,3287767.56
SEFAZ,2021-12-14,5786,2021NE000229,33657248000189,BANCO NACIONAL DE DESENVOLVIMENTO ECONOMICO E SOCIAL,3333617.76,0.0,3333617.76
SEFAZ,2021-12-16,6153,2021NE000063,09314825000155,FUNDO FINANCEIRO DE PREVIDENCIA DO ESTADO DE SERGIPE,3271378.14,0.0,3271378.14
SEFAZ,2021-12-17,6468,2021NE000059,PF99999999,PESSOAL RELACIONADO EM FOLHA DE PAGAMENTO,8114332.86,0.0,8114332.86
SEFAZ,2021-12-22,6239,2021NE000171,00000000001759,BANCO DO BRASIL S/A,3914064.5,0.0,3914064.5
SEFAZ,2021-12-30,6476,2021NE000202,00000000001759,BANCO DO BRASIL S/A,3029114.55,0.0,3029114.55
SEFAZ,2022-01-13,322,2022NE000156,00360305000104,CAIXA ECONOMICA FEDERAL,1.590344851E7,0.0,1.590344851E7
SEFAZ,2022-01-13,321,2022NE000166,00360305000104,CAIXA ECONOMICA FEDERAL,1.379709E7,0.0,1.379709E7
SEFAZ,2022-01-14,288,2022NE000114,33657248000189,BANCO NACIONAL DE DESENVOLVIMENTO ECONOMICO E SOCIAL,3333721.75,0.0,3333721.75
SEFAZ,2022-01-25,303,2022NE000151,00000000000191,BANCO DO BRASIL S/A,3948707.18,0.0,3948707.18
SEFAZ,2022-01-28,235,2022NE000063,PF99999999,PESSOAL RELACIONADO EM FOLHA DE PAGAMENTO,8588931.61,0.0,8588931.61
SEFAZ,2022-01-28,205,2022NE000071,09314825000155,FUNDO FINANCEIRO DE PREVIDENCIA DO ESTADO DE SERGIPE,3372232.2,0.0,3372232.2
SEFAZ,2022-01-31,291,2022NE000109,00000000000191,BANCO DO BRASIL S/A,5334644.73,0.0,5334644.73
SEFAZ,2022-02-14,344,2022NE000114,33657248000189,BANCO NACIONAL DE DESENVOLVIMENTO ECONOMICO E SOCIAL,3333910.22,0.0,3333910.22
SEFAZ,2022-02-21,727,2022NE000063,PF99999999,PESSOAL RELACIONADO EM FOLHA DE PAGAMENTO,8099297.9,0.0,8099297.9
SEFAZ,2022-02-24,603,2022NE000151,00000000000191,BANCO DO BRASIL S/A,3270908.89,0.0,3270908.89
SEFAZ,2022-02-25,890,2022NE000071,09314825000155,FUNDO FINANCEIRO DE PREVIDENCIA DO ESTADO DE SERGIPE,3236435.78,0.0,3236435.78
SEFAZ,2022-02-25,629,2022NE000154,00000000000191,BANCO DO BRASIL S/A,5125916.86,0.0,5125916.86
SEFAZ,2022-02-25,639,2022NE000143,00000000000191,BANCO DO BRASIL S/A,3468124.91,0.0,3468124.91
SEFAZ,2022-04-13,1959,2022NE000114,33657248000189,BANCO NACIONAL DE DESENVOLVIMENTO ECONOMICO E SOCIAL,3335418.05,0.0,3335418.05
SEFAZ,2022-04-22,2004,2022NE000151,00000000000191,BANCO DO BRASIL S/A,3983692.91,0.0,3983692.91
SEFAZ,2022-04-26,2088,2022NE000063,PF99999999,PESSOAL RELACIONADO EM FOLHA DE PAGAMENTO,8603672.55,0.0,8603672.55
SEFAZ,2022-04-29,2359,2022NE000154,00000000000191,BANCO DO BRASIL S/A,2811995.2,0.0,2811995.2
SEFAZ,2022-04-29,2321,2022NE000143,00000000000191,BANCO DO BRASIL S/A,3485747.08,0.0,3485747.08
SEFAZ,2022-04-29,2274,2022NE000071,09314825000155,FUNDO FINANCEIRO DE PREVIDENCIA DO ESTADO DE SERGIPE,3437693.28,0.0,3437693.28
SEFAZ,2022-06-14,3341,2022NE000114,33657248000189,BANCO NACIONAL DE DESENVOLVIMENTO ECONOMICO E SOCIAL,3339396.23,0.0,3339396.23
SEFAZ,2022-06-21,3645,2022NE000063,PF99999999,PESSOAL RELACIONADO EM FOLHA DE PAGAMENTO,8485420.73,0.0,8485420.73
SEFAZ,2022-06-22,3374,2022NE000151,00000000000191,BANCO DO BRASIL S/A,4613717.01,0.0,4613717.01
SEFAZ,2022-06-23,3396,2022NE000071,09314825000155,FUNDO FINANCEIRO DE PREVIDENCIA DO ESTADO DE SERGIPE,3398130.88,0.0,3398130.88
SEFAZ,2022-06-30,3550,2022NE000143,00000000000191,BANCO DO BRASIL S/A,3514544.94,0.0,3514544.94
SEFAZ,2022-07-13,3915,2022NE000156,00360305000104,CAIXA ECONOMICA FEDERAL,1.52032561E7,0.0,1.52032561E7
SEFAZ,2022-07-13,3916,2022NE000166,00360305000104,CAIXA ECONOMICA FEDERAL,1.341114E7,0.0,1.341114E7
SEFAZ,2022-07-14,3808,2022NE000114,33657248000189,BANCO NACIONAL DE DESENVOLVIMENTO ECONOMICO E SOCIAL,3341768.34,0.0,3341768.34
SEFAZ,2022-07-22,3959,2022NE000151,00000000000191,BANCO DO BRASIL S/A,3991774.77,0.0,3991774.77
SEFAZ,2022-07-26,4208,2022NE000063,PF99999999,PESSOAL RELACIONADO EM FOLHA DE PAGAMENTO,8637272.19,0.0,8637272.19
SEFAZ,2022-07-29,4307,2022NE000071,09314825000155,FUNDO FINANCEIRO DE PREVIDENCIA DO ESTADO DE SERGIPE,3403033.08,0.0,3403033.08
SEFAZ,2022-07-29,4306,2022NE000143,00000000000191,BANCO DO BRASIL S/A,3536520.02,0.0,3536520.02
SEFAZ,2022-08-23,4778,2022NE000151,00000000000191,BANCO DO BRASIL S/A,3628093.1,0.0,3628093.1
SEFAZ,2022-08-25,4866,2022NE000063,PF99999999,PESSOAL RELACIONADO EM FOLHA DE PAGAMENTO,8714752.67,0.0,8714752.67
SEFAZ,2022-08-25,4811,2022NE000063,PF99999999,PESSOAL RELACIONADO EM FOLHA DE PAGAMENTO,-2.309114854E7,0.0,-1.154557427E7
SEFAZ,2022-08-25,4811,2022NE000063,PF99999999,PESSOAL RELACIONADO EM FOLHA DE PAGAMENTO,2.309114854E7,0.0,1.154557427E7
SEFAZ,2022-08-30,4966,2022NE000143,00000000000191,BANCO DO BRASIL S/A,3554606.27,0.0,3554606.27
SEFAZ,2022-08-31,4864,2022NE000071,09314825000155,FUNDO FINANCEIRO DE PREVIDENCIA DO ESTADO DE SERGIPE,3374108.84,0.0,3374108.84
SEFAZ,2022-08-31,4970,2022NE000743,00000208000100,BRB - BANCO DE BRASILIA S.A.,3600000.0,0.0,3600000.0
SEFAZ,2022-08-31,4954,2022NE000154,00000000000191,BANCO DO BRASIL S/A,3268004.72,0.0,3268004.72
SEFAZ,2022-09-21,5243,2022NE000151,00000000000191,BANCO DO BRASIL S/A,3596810.51,0.0,3596810.51
SEFAZ,2022-09-26,5267,2022NE000063,PF99999999,PESSOAL RELACIONADO EM FOLHA DE PAGAMENTO,8567237.98,0.0,8567237.98
SEFAZ,2022-09-26,5476,2022NE000150,00360305000104,CAIXA ECONOMICA FEDERAL,2682504.2,0.0,2682504.2
SEFAZ,2022-09-26,5328,2022NE000098,00000000000191,BANCO DO BRASIL S/A,4755833.16,0.0,4755833.16
SEFAZ,2022-09-30,5478,2022NE000143,00000000000191,BANCO DO BRASIL S/A,3574675.52,0.0,3574675.52
SEFAZ,2022-09-30,5461,2022NE000071,09314825000155,FUNDO FINANCEIRO DE PREVIDENCIA DO ESTADO DE SERGIPE,3377793.88,0.0,3377793.88
SEFAZ,2022-10-20,6361,2022NE000146,PF66666666,DEPOSITOS JUDICIAIS,2.0E7,0.0,2.0E7
SEFAZ,2022-10-21,5849,2022NE000151,00000000000191,BANCO DO BRASIL S/A,3453849.69,0.0,3453849.69
SEFAZ,2022-10-24,5957,2022NE000063,PF99999999,PESSOAL RELACIONADO EM FOLHA DE PAGAMENTO,8534263.87,0.0,8534263.87
SEFAZ,2022-10-28,5964,2022NE000071,09314825000155,FUNDO FINANCEIRO DE PREVIDENCIA DO ESTADO DE SERGIPE,3356372.66,0.0,3356372.66
SEFAZ,2022-10-31,6163,2022NE000143,00000000000191,BANCO DO BRASIL S/A,3600704.19,0.0,3600704.19
SEFAZ,2022-11-18,6597,2022NE000063,PF99999999,PESSOAL RELACIONADO EM FOLHA DE PAGAMENTO,8413397.88,0.0,8413397.88
SEFAZ,2022-11-23,6526,2022NE000151,00000000000191,BANCO DO BRASIL S/A,3654568.13,0.0,3654568.13
SEFAZ,2022-11-24,6666,2022NE000071,09314825000155,FUNDO FINANCEIRO DE PREVIDENCIA DO ESTADO DE SERGIPE,3356425.46,0.0,3356425.46
SEFAZ,2022-11-24,6778,2022NE000159,00360305000104,CAIXA ECONOMICA FEDERAL,4003448.35,0.0,4003448.35
SEFAZ,2022-11-24,6777,2022NE000097,00360305000104,CAIXA ECONOMICA FEDERAL,9124505.72,0.0,9124505.72
SEFAZ,2022-11-28,6744,2022NE000071,09314825000155,FUNDO FINANCEIRO DE PREVIDENCIA DO ESTADO DE SERGIPE,3358364.24,0.0,3358364.24
SEFAZ,2022-11-30,6843,2022NE000143,00000000000191,BANCO DO BRASIL S/A,3618420.09,0.0,3618420.09
SEFAZ,2022-11-30,6828,2022NE000146,PF66666666,DEPOSITOS JUDICIAIS,3319542.54,0.0,3319542.54
SEFAZ,2022-11-30,6755,2022NE000063,PF99999999,PESSOAL RELACIONADO EM FOLHA DE PAGAMENTO,5280730.1,0.0,5280730.1
SEFAZ,2022-11-30,6860,2022NE000154,00000000000191,BANCO DO BRASIL S/A,3389555.93,0.0,3389555.93
SEFAZ,2023-02-02,443,2023NE000072,00360305000104,CAIXA ECONOMICA FEDERAL,2797987.48,0.0,2797987.48
SEFAZ,2023-02-23,529,2023NE000164,00394460009289,DELEGACIA DA REC.FEDERAL DO BRASIL EM ARACAJU,3328088.8,0.0,3328088.8
SEFAZ,2023-02-23,553,2023NE000103,PF99999999,PESSOAL RELACIONADO EM FOLHA DE PAGAMENTO,8252863.25,0.0,8252863.25
SEFAZ,2023-02-28,606,2023NE000162,00000000000191,BANCO DO BRASIL S/A,5705293.42,0.0,5705293.42
SEFAZ,2023-02-28,600,2023NE000112,09314825000155,FUNDO FINANCEIRO DE PREVIDENCIA DO ESTADO DE SERGIPE,3342274.7,0.0,3342274.7
SEFAZ,2023-04-24,1892,2023NE000103,PF99999999,PESSOAL RELACIONADO EM FOLHA DE PAGAMENTO,9176943.97,0.0,9176943.97
SEFAZ,2023-04-24,1814,2023NE000164,00394460009289,DELEGACIA DA REC.FEDERAL DO BRASIL EM ARACAJU,4450942.22,0.0,4450942.22
SEFAZ,2023-04-28,1886,2023NE000112,09314825000155,FUNDO FINANCEIRO DE PREVIDENCIA DO ESTADO DE SERGIPE,3595286.86,0.0,3595286.86
SEFAZ,2023-05-10,2024,2023NE000345,13009717000146,BANCO DO ESTADO DE SERGIPE S/A,3.262580576E7,0.0,3.262580576E7
